{
  "calibration_config": "\\\\zmbstaff.core.uzh.ch\\zmbstaff\\10374\\Protocols_Notes\\thom\\notes\\repositories\\smart-microscopy\\controller\\vendor\\leica\\navigator_expert\\calibration\\config\\config.json",
  "cell_source_xy_um": [
    22947.20928768382,
    27986.99923483456
  ],
  "cell_target_xy_um": [
    22927.51220768382,
    28019.990595262127
  ],
  "fov_bbox_margin": 1.5,
  "job": "Overview",
  "landing": {
    "candidates": [
      {
        "area_um2": 41.533452984510824,
        "centroid_px": [
          176.04386553012165,
          54.85858634230438
        ],
        "eccentricity": 0.9539604067079691,
        "score": 1.1444633807199125
      },
      {
        "area_um2": 25.528295616138127,
        "centroid_px": [
          232.73934553954032,
          992.1216205687573
        ],
        "eccentricity": 0.9845535370904158,
        "score": 1.235426358568143
      }
    ],
    "cells_segmented": 2,
    "error_magnitude_um": 17.890448235541868,
    "error_um": [
      -10.594502100800861,
      -14.416125114077266
    ],
    "method": "morphology_match",
    "morphology_score": 1.1444633807199125,
    "source_features": {
      "area_um2": 265.11839999999995,
      "eccentricity": 0.6528370092388954
    }
  },
  "outputs": {
    "overlay_png": "\\\\zmbstaff.core.uzh.ch\\zmbstaff\\10374\\Protocols_Notes\\thom\\notes\\repositories\\smart-microscopy\\controller\\vendor\\leica\\config\\objective_target\\20260505_000632\\overlay.png",
    "source_tif": "\\\\zmbstaff.core.uzh.ch\\zmbstaff\\10374\\Protocols_Notes\\thom\\notes\\repositories\\smart-microscopy\\controller\\vendor\\leica\\config\\objective_target\\20260505_000632\\source.tif",
    "target_tif": "\\\\zmbstaff.core.uzh.ch\\zmbstaff\\10374\\Protocols_Notes\\thom\\notes\\repositories\\smart-microscopy\\controller\\vendor\\leica\\config\\objective_target\\20260505_000632\\target.tif"
  },
  "picked_cell": {
    "area_px": 204,
    "bbox_px": [
      506,
      509,
      525,
      524
    ],
    "bbox_um": [
      17.099999999999998,
      21.659999999999997
    ],
    "centroid_xy_px": [
      515.9509803921569,
      514.9362745098039
    ],
    "eccentricity": 0.6528370092388954,
    "rank": 0
  },
  "refine": null,
  "source_image_size_px": 1024,
  "source_pixel_size_um": 1.14,
  "source_slot": 1,
  "source_stage_xy_um": [
    22950.556640624996,
    27982.4951171875
  ],
  "target_base_fov_um": 290.63,
  "target_fov_at_zoom_um": 32.29222222222222,
  "target_pixel_size_um": 0.03153537326388889,
  "target_slot": 0,
  "target_zoom": 9,
  "timestamp": "20260505_000722",
  "z_translation": {
    "delta_um": 2.7458717986528427,
    "source_zwide_um": 5391.57,
    "target_zwide_um": 5394.315871798653
  }
}