{
  "anchor_xy_um": [
    32213.286132812496,
    28473.100585937496
  ],
  "machine_config": "machine.json",
  "per_target": {
    "2": {
      "image_xy": {
        "acquisition_z_galvo_um": 2.9868945095033066,
        "acquisition_zoom": 1.5,
        "agreeing": [
          "phase",
          "masked",
          "ncc",
          "orb"
        ],
        "confidence": 4,
        "method": "voting",
        "per_method": {
          "masked": {
            "dx_um": 2.27274,
            "dy_um": -4.92427,
            "quality": NaN
          },
          "ncc": {
            "dx_um": 2.27274,
            "dy_um": -4.92427,
            "quality": 0.9387915730476379
          },
          "orb": {
            "dx_um": 2.474344423708504,
            "dy_um": -4.890975313220231,
            "quality": 0.6063829787234043
          },
          "phase": {
            "dx_um": 2.65153,
            "dy_um": -5.075786,
            "quality": 0.0
          }
        },
        "quality": NaN,
        "raw_dx_um": 2.373542211854252,
        "raw_dy_um": -4.92427,
        "stage_dx_um": 4.92427,
        "stage_dy_um": 2.373542211854252
      },
      "motor_delta_um": [
        -7.021484375,
        21.07421875
      ],
      "parfocal": {
        "dz_um": -2.9868945095033066,
        "ref_brenner_peak_um": 18.98584283691612,
        "tgt_brenner_peak_um": 15.998948327412814,
        "verification_residual_um": 0.1584434598147979
      },
      "verification": {
        "agreeing": [
          "phase",
          "masked",
          "ncc",
          "orb"
        ],
        "confidence": 4,
        "per_method": {
          "masked": {
            "dx_um": 4.54548,
            "dy_um": -9.84854,
            "quality": NaN
          },
          "ncc": {
            "dx_um": 4.92427,
            "dy_um": -10.22733,
            "quality": 0.9399232864379883
          },
          "orb": {
            "dx_um": 4.75186538289372,
            "dy_um": -9.779469634355848,
            "quality": 0.6039603960396039
          },
          "phase": {
            "dx_um": 4.9394216,
            "dy_um": -10.1439962,
            "quality": 0.0
          }
        },
        "quality": NaN,
        "residual_image_um": [
          4.838067691446859,
          -9.9962681
        ],
        "trusted": true
      }
    }
  },
  "phases_run": [
    "motor_delta",
    "parfocal",
    "xy_image",
    "verify"
  ],
  "reference_objective": {
    "immersion": "DRY",
    "magnification": 10.0,
    "name": "HC PL APO CS2    10x/0.40 DRY",
    "numerical_aperture": 0.4,
    "objective_number": 11506424,
    "slot": 1
  },
  "schema_version": 5,
  "settings": {
    "backlash_overshoot_um": 50,
    "backlash_settle_ms": 100,
    "ref_slot": 1,
    "ref_zoom": 3.0,
    "settle_s": 3.0,
    "sign_move_um": 30.0,
    "target_slots": [
      2
    ],
    "z_range_um": 15.0,
    "z_step_um": 1.0
  },
  "sign_convention": null,
  "timestamp": "20260429_213855"
}
