{
  "calibration_config": "\\\\zmbstaff.core.uzh.ch\\zmbstaff\\10374\\Protocols_Notes\\thom\\notes\\repositories\\smart-microscopy\\controller\\vendor\\leica\\navigator_expert\\calibration\\config\\config.json",
  "cell_source_xy_um": [
    22954.880928938357,
    27944.486154751714
  ],
  "cell_target_xy_um": [
    22951.558454744034,
    27946.001314751713
  ],
  "fov_bbox_margin": 1.5,
  "job": "Overview",
  "landing": {
    "candidates": [
      {
        "area_um2": 232.56171928135643,
        "centroid_px": [
          764.1013942671175,
          249.21564511238952
        ],
        "eccentricity": 0.542030489751411,
        "score": 0.21846057729388424
      }
    ],
    "cells_segmented": 1,
    "error_magnitude_um": 10.879244607050742,
    "error_um": [
      7.531555068758328,
      -7.850709615461738
    ],
    "method": "morphology_match",
    "morphology_score": 0.21846057729388424,
    "source_features": {
      "area_um2": 284.6124,
      "eccentricity": 0.5776083791559287
    }
  },
  "outputs": {
    "overlay_png": "\\\\zmbstaff.core.uzh.ch\\zmbstaff\\10374\\Protocols_Notes\\thom\\notes\\repositories\\smart-microscopy\\controller\\vendor\\leica\\config\\objective_target\\20260504_230959\\overlay.png",
    "source_tif": "\\\\zmbstaff.core.uzh.ch\\zmbstaff\\10374\\Protocols_Notes\\thom\\notes\\repositories\\smart-microscopy\\controller\\vendor\\leica\\config\\objective_target\\20260504_230959\\source.tif",
    "target_tif": "\\\\zmbstaff.core.uzh.ch\\zmbstaff\\10374\\Protocols_Notes\\thom\\notes\\repositories\\smart-microscopy\\controller\\vendor\\leica\\config\\objective_target\\20260504_230959\\target.tif"
  },
  "picked_cell": {
    "area_px": 219,
    "bbox_px": [
      494,
      507,
      510,
      525
    ],
    "bbox_um": [
      20.52,
      18.24
    ],
    "centroid_xy_px": [
      515.013698630137,
      501.30593607305934
    ],
    "eccentricity": 0.5776083791559287,
    "rank": 0
  },
  "refine": null,
  "source_image_size_px": 1024,
  "source_pixel_size_um": 1.14,
  "source_slot": 1,
  "source_stage_xy_um": [
    22951.4453125,
    27932.294921875
  ],
  "target_base_fov_um": 581.25,
  "target_fov_at_zoom_um": 30.592105263157894,
  "target_pixel_size_um": 0.02987510279605263,
  "target_slot": 2,
  "target_zoom": 19,
  "timestamp": "20260504_231044",
  "z_translation": {
    "delta_um": -3.92795507266419,
    "source_zwide_um": 5404.12,
    "target_zwide_um": 5400.192044927336
  }
}