{
  "anchor_xy_um": [
    32030.7373046875,
    28329.1650390625
  ],
  "machine_config": "machine.json",
  "per_target": {
    "2": {
      "offset": {
        "offset_um": [
          -7.021484375,
          21.07421875
        ]
      },
      "parcentric_shift": {
        "acquisition_z_galvo_um": 50.23306180951138,
        "acquisition_zoom": 1.5,
        "agreeing": [
          "phase",
          "masked",
          "ncc",
          "orb"
        ],
        "confidence": 4,
        "method": "voting",
        "per_method": {
          "masked": {
            "dx_um": 22.34861,
            "dy_um": -16.28797,
            "quality": null
          },
          "ncc": {
            "dx_um": 22.34861,
            "dy_um": -16.28797,
            "quality": 0.9082703590393066
          },
          "orb": {
            "dx_um": 22.8657410618381,
            "dy_um": -16.464111785005663,
            "quality": 0.32432432432432434
          },
          "phase": {
            "dx_um": 22.265276200000002,
            "dy_um": -17.121308000000003,
            "quality": 0.0
          }
        },
        "quality": 0.32432432432432434,
        "raw_image_dx_um": 22.34861,
        "raw_image_dy_um": -16.376040892502832,
        "shift_stage_um": [
          16.376040892502832,
          22.34861
        ],
        "trusted": true
      },
      "parfocal": {
        "ref_brenner_peak_um": 54.39873825579015,
        "shift_um": -50.23306180951138,
        "tgt_brenner_peak_um": 4.165676446278765
      }
    }
  },
  "phases_run": [
    "offset",
    "parfocal_shift",
    "parcentric_shift"
  ],
  "reference_objective": {
    "immersion": "DRY",
    "magnification": 10.0,
    "name": "HC PL APO CS2    10x/0.40 DRY",
    "numerical_aperture": 0.4,
    "objective_number": 11506424,
    "slot": 1
  },
  "schema_version": 6,
  "settings": {
    "backlash_overshoot_um": 50,
    "backlash_settle_ms": 100,
    "ref_slot": 1,
    "ref_zoom": 3.0,
    "scan_format": "1024 x 1024",
    "scan_speed": 600,
    "settle_s": 3.0,
    "sign_move_um": 30.0,
    "target_slots": [
      2
    ],
    "z_range_um": 50.0,
    "z_step_um": 2.0
  },
  "sign_convention": null,
  "timestamp": "20260430_014316"
}
