{
  "calibration_config": "\\\\zmbstaff.core.uzh.ch\\zmbstaff\\10374\\Protocols_Notes\\thom\\notes\\repositories\\smart-microscopy\\controller\\vendor\\leica\\navigator_expert\\calibration\\config\\config.json",
  "cell_source_xy_um": [
    22874.49865492335,
    27973.002746167454
  ],
  "cell_target_xy_um": [
    22867.94937582335,
    27996.487726167456
  ],
  "fov_bbox_margin": 1.5,
  "job": "Overview",
  "landing": {
    "candidates": [
      {
        "area_um2": 63.010864552580834,
        "centroid_px": [
          837.0853840941922,
          899.3679991818263
        ],
        "eccentricity": 0.8116238791061591,
        "score": 0.7893540150644616
      }
    ],
    "cells_segmented": 1,
    "error_magnitude_um": 14.352750101109196,
    "error_um": [
      9.226520037040537,
      10.99421500021623
    ],
    "method": "morphology_match",
    "morphology_score": 0.7893540150644616,
    "source_features": {
      "area_um2": 206.63639999999998,
      "eccentricity": 0.7173339255885458
    }
  },
  "outputs": {
    "overlay_png": "\\\\zmbstaff.core.uzh.ch\\zmbstaff\\10374\\Protocols_Notes\\thom\\notes\\repositories\\smart-microscopy\\controller\\vendor\\leica\\config\\objective_target\\20260504_221316\\overlay.png",
    "source_tif": "\\\\zmbstaff.core.uzh.ch\\zmbstaff\\10374\\Protocols_Notes\\thom\\notes\\repositories\\smart-microscopy\\controller\\vendor\\leica\\config\\objective_target\\20260504_221316\\source.tif",
    "target_tif": "\\\\zmbstaff.core.uzh.ch\\zmbstaff\\10374\\Protocols_Notes\\thom\\notes\\repositories\\smart-microscopy\\controller\\vendor\\leica\\config\\objective_target\\20260504_221316\\target.tif"
  },
  "picked_cell": {
    "area_px": 159,
    "bbox_px": [
      507,
      504,
      520,
      521
    ],
    "bbox_um": [
      19.38,
      14.819999999999999
    ],
    "centroid_xy_px": [
      512.1069182389937,
      513.2578616352201
    ],
    "eccentricity": 0.7173339255885458,
    "rank": 0
  },
  "refine": null,
  "source_image_size_px": 1024,
  "source_pixel_size_um": 1.14,
  "source_slot": 1,
  "source_stage_xy_um": [
    22875.9326171875,
    27972.880859375
  ],
  "target_base_fov_um": 290.63,
  "target_fov_at_zoom_um": 29.063,
  "target_pixel_size_um": 0.0283818359375,
  "target_slot": 0,
  "target_zoom": 10,
  "timestamp": "20260504_221358",
  "z_translation": {
    "delta_um": 1.1456872759299586,
    "source_zwide_um": 5389.02,
    "target_zwide_um": 5390.16568727593
  }
}