{
  "anchor_xy_um": [
    32097.7783203125,
    28391.821289062496
  ],
  "machine_config": "machine.json",
  "per_target": {
    "2": {
      "image_xy": {
        "acquisition_z_galvo_um": -0.0,
        "acquisition_zoom": 1.5,
        "agreeing": [
          "phase",
          "masked",
          "ncc",
          "orb"
        ],
        "confidence": 4,
        "iterations": [
          {
            "accumulated_stage_um": [
              -24.731199099999998,
              -12.12128
            ],
            "agreeing": [
              "phase",
              "masked",
              "ncc",
              "orb"
            ],
            "applied": true,
            "confidence": 4,
            "iteration": 1,
            "per_method": {
              "masked": {
                "dx_um": -12.12128,
                "dy_um": 24.62135,
                "quality": NaN
              },
              "ncc": {
                "dx_um": -12.12128,
                "dy_um": 24.24256,
                "quality": 0.9471265077590942
              },
              "orb": {
                "dx_um": -12.209017913059169,
                "dy_um": 24.951480929871604,
                "quality": 0.7686567164179104
              },
              "phase": {
                "dx_um": -12.007643,
                "dy_um": 24.8410482,
                "quality": 0.0
              }
            },
            "quality": 0.7686567164179104,
            "raw_dx_um": -12.12128,
            "raw_dy_um": 24.731199099999998,
            "residual_norm_um": 27.541925091798518,
            "stage_dx_um": -24.731199099999998,
            "stage_dy_um": -12.12128,
            "trusted": true
          },
          {
            "accumulated_stage_um": [
              -24.731199099999998,
              -12.12128
            ],
            "agreeing": [
              "phase",
              "masked",
              "ncc",
              "orb"
            ],
            "applied": false,
            "confidence": 4,
            "iteration": 2,
            "per_method": {
              "masked": {
                "dx_um": -0.37879,
                "dy_um": -0.0,
                "quality": NaN
              },
              "ncc": {
                "dx_um": -0.37879,
                "dy_um": -0.75758,
                "quality": 0.9456587433815002
              },
              "orb": {
                "dx_um": -0.2736366651477639,
                "dy_um": 0.10188255570074996,
                "quality": 0.816
              },
              "phase": {
                "dx_um": -0.026515300000000002,
                "dy_um": 0.113637,
                "quality": 0.0
              }
            },
            "quality": 0.816,
            "raw_dx_um": -0.32621333257388196,
            "raw_dy_um": 0.05094127785037498,
            "residual_norm_um": 0.33016685499605686,
            "stage_dx_um": -0.05094127785037498,
            "stage_dy_um": -0.32621333257388196,
            "trusted": true
          }
        ],
        "last_residual_norm_um": 0.33016685499605686,
        "last_residual_stage_um": [
          -0.05094127785037498,
          -0.32621333257388196
        ],
        "max_iterations": 3,
        "method": "voting_iterative",
        "per_method": {
          "masked": {
            "dx_um": -12.12128,
            "dy_um": 24.62135,
            "quality": NaN
          },
          "ncc": {
            "dx_um": -12.12128,
            "dy_um": 24.24256,
            "quality": 0.9471265077590942
          },
          "orb": {
            "dx_um": -12.209017913059169,
            "dy_um": 24.951480929871604,
            "quality": 0.7686567164179104
          },
          "phase": {
            "dx_um": -12.007643,
            "dy_um": 24.8410482,
            "quality": 0.0
          }
        },
        "quality": 0.7686567164179104,
        "raw_dx_um": -12.12128,
        "raw_dy_um": 24.731199099999998,
        "stage_dx_um": -24.731199099999998,
        "stage_dy_um": -12.12128,
        "stop_reason": "threshold",
        "xy_residual_threshold_um": 0.5
      },
      "motor_delta_um": [
        -7.021484375003638,
        21.07421875
      ],
      "verification": {
        "agreeing": [
          "phase",
          "masked",
          "ncc",
          "orb"
        ],
        "confidence": 4,
        "per_method": {
          "masked": {
            "dx_um": -0.0,
            "dy_um": -0.0,
            "quality": NaN
          },
          "ncc": {
            "dx_um": -0.37879,
            "dy_um": -0.75758,
            "quality": 0.9432153105735779
          },
          "orb": {
            "dx_um": -0.07909583126478481,
            "dy_um": -0.18448153202636702,
            "quality": 0.7699115044247787
          },
          "phase": {
            "dx_um": 0.053030600000000004,
            "dy_um": 0.07197010000000001,
            "quality": 0.0
          }
        },
        "quality": 0.7699115044247787,
        "residual_image_um": [
          -0.039547915632392405,
          -0.09224076601318351
        ],
        "trusted": true
      }
    }
  },
  "phases_run": [
    "motor_delta",
    "xy_image",
    "verify"
  ],
  "reference_objective": {
    "immersion": "DRY",
    "magnification": 10.0,
    "name": "HC PL APO CS2    10x/0.40 DRY",
    "numerical_aperture": 0.4,
    "objective_number": 11506424,
    "slot": 1
  },
  "schema_version": 5,
  "settings": {
    "backlash_overshoot_um": 50,
    "backlash_settle_ms": 100,
    "max_iterations": 3,
    "ref_slot": 1,
    "ref_zoom": 3.0,
    "scan_format": "1024 x 1024",
    "scan_speed": 600,
    "settle_s": 3.0,
    "sign_move_um": 30.0,
    "target_slots": [
      2
    ],
    "xy_residual_threshold_um": 0.5,
    "z_range_um": 15.0,
    "z_step_um": 1.0
  },
  "sign_convention": null,
  "timestamp": "20260429_233109"
}
