{
  "base_fov_um": 1160.0,
  "fov_bbox_margin": 1.5,
  "framed_fov_um": 27.61904761904762,
  "framed_pixel_size_um": 0.026971726190476192,
  "framed_zoom": 42,
  "galvo_reach_um": 773.72,
  "job": "Overview",
  "landing": {
    "cells_segmented": 1,
    "error_magnitude_um": 5.018540337971126,
    "error_um": [
      0.7553116143766078,
      4.961375967313015
    ],
    "method": "morphology_match",
    "morphology_score": 0.035555603459655416
  },
  "outputs": {
    "framed_tif": "\\\\zmbstaff.core.uzh.ch\\zmbstaff\\10374\\Protocols_Notes\\thom\\notes\\repositories\\smart-microscopy\\controller\\vendor\\leica\\config\\galvo_zoom\\20260504_184956\\framed.tif",
    "overlay_png": "\\\\zmbstaff.core.uzh.ch\\zmbstaff\\10374\\Protocols_Notes\\thom\\notes\\repositories\\smart-microscopy\\controller\\vendor\\leica\\config\\galvo_zoom\\20260504_184956\\overlay.png",
    "overview_tif": "\\\\zmbstaff.core.uzh.ch\\zmbstaff\\10374\\Protocols_Notes\\thom\\notes\\repositories\\smart-microscopy\\controller\\vendor\\leica\\config\\galvo_zoom\\20260504_184956\\overview.tif"
  },
  "overview_image_size_px": 1024,
  "overview_pixel_size_um": 1.14,
  "overview_stage_xy_um": [
    23120.117187499996,
    28068.1494140625
  ],
  "pan_offset_um": [
    -3.808216216217261,
    -2.569621621620172
  ],
  "pan_scale_um": 99834.83870967742,
  "picked_cell": {
    "area_px": 185,
    "bbox_px": [
      507,
      508,
      523,
      523
    ],
    "bbox_um": [
      17.099999999999998,
      18.24
    ],
    "centroid_xy_px": [
      515.3405405405406,
      514.2540540540541
    ],
    "eccentricity": 0.29695414812030857,
    "rank": 0
  },
  "target_xy_um": [
    23116.30897128378,
    28065.57979244088
  ],
  "timestamp": "20260504_185023"
}