{
  "anchor_xy_um": [
    23068.3056640625,
    27972.412109374996
  ],
  "calibration_file": "config.json",
  "per_target": {
    "2": {
      "firmware_xy_offset": {
        "offset_um": [
          -7.021484375,
          21.07421875
        ]
      },
      "offset_z_um": -6.119999999999891,
      "shift_xy": {
        "acquisition_zoom": 1.5,
        "agreeing": [
          "phase",
          "masked",
          "ncc",
          "orb"
        ],
        "confidence": 4,
        "method": "voting",
        "per_method": {
          "masked": {
            "dx_um": 17.045550000000002,
            "dy_um": 5.30306,
            "quality": null
          },
          "ncc": {
            "dx_um": 17.42434,
            "dy_um": 4.92427,
            "quality": 0.9489672183990479
          },
          "orb": {
            "dx_um": 17.196358268578763,
            "dy_um": 5.1226166127685575,
            "quality": 0.9255813953488372
          },
          "phase": {
            "dx_um": 17.2955514,
            "dy_um": 5.2083625,
            "quality": 0.0
          }
        },
        "quality": 0.9255813953488372,
        "raw_image_dx_um": 17.245954834289382,
        "raw_image_dy_um": 5.165489556384278,
        "shift_stage_um": [
          -5.165489556384278,
          17.245954834289382
        ],
        "trusted": true
      },
      "shift_z": {
        "brenner_peak_image_um": 25.124437563480715,
        "shift_um": -0.12443756348056922,
        "zwide_peak_um": 5438.375562436519,
        "zwide_post_switch_um": 5438.5
      },
      "summary": {
        "immersion": "DRY",
        "magnification": 20.0,
        "name": "HC PL APO CS2    20x/0.75 DRY",
        "numerical_aperture": 0.75,
        "objective_number": 11506517,
        "slot": 2
      },
      "zwide_post_switch_um": 5438.5,
      "zwide_pre_switch_um": 5444.62
    }
  },
  "phases_run": [
    "sign",
    "offset",
    "parfocal_shift",
    "parcentric_shift"
  ],
  "reference_objective": {
    "immersion": "DRY",
    "magnification": 10.0,
    "name": "HC PL APO CS2    10x/0.40 DRY",
    "numerical_aperture": 0.4,
    "objective_number": 11506424,
    "slot": 1
  },
  "schema_version": 9,
  "settings": {
    "backlash_overshoot_um": 50,
    "backlash_settle_ms": 100,
    "ref_slot": 1,
    "ref_zoom": 3.0,
    "scan_format": "1024 x 1024",
    "scan_speed": 600,
    "settle_s": 3.0,
    "sign_move_um": 30.0,
    "target_slots": [
      2
    ],
    "z_range_um": 25.0,
    "z_step_um": 1.0
  },
  "sign_convention": {
    "fitted_matrix": [
      [
        -0.000984325357177055,
        -0.9887548212843514
      ],
      [
        0.985555763873526,
        -0.003691220089413955
      ]
    ],
    "image_to_stage_um": [
      [
        0.0,
        -1.0
      ],
      [
        1.0,
        0.0
      ]
    ],
    "label": "-Y +X",
    "move_um": 30.0,
    "residual_from_d4": 0.018699839672614536
  },
  "timestamp": "20260504_143729"
}
