{
  "coordinate_policy": "targets_in_reference_frame; switch_at_target; motor_delta_is_readback_only",
  "job": "Overview",
  "method": "objective_switch_stage_xy_readback",
  "offsets": {
    "0": {
      "motor_delta_um": [
        -20.966796875,
        32.509765625
      ],
      "reference_xy_um": [
        22461.40625,
        26757.6953125
      ],
      "target_objective": {
        "immersion": "WATER",
        "magnification": 40.0,
        "name": "HC PL APO CS2    40x/1.10 WATER",
        "numerical_aperture": 1.1,
        "objective_number": 11506425,
        "slot": 0
      },
      "target_slot": 0,
      "target_xy_um": [
        22440.439453125,
        26790.205078125
      ]
    },
    "2": {
      "motor_delta_um": [
        -7.021484375,
        21.07421875
      ],
      "reference_xy_um": [
        22461.40625,
        26757.6953125
      ],
      "target_objective": {
        "immersion": "DRY",
        "magnification": 20.0,
        "name": "HC PL APO CS2    20x/0.75 DRY",
        "numerical_aperture": 0.75,
        "objective_number": 11506517,
        "slot": 2
      },
      "target_slot": 2,
      "target_xy_um": [
        22454.384765625,
        26778.76953125
      ]
    }
  },
  "reference_objective": {
    "immersion": "DRY",
    "magnification": 10.0,
    "name": "HC PL APO CS2    10x/0.40 DRY",
    "numerical_aperture": 0.4,
    "objective_number": 11506424,
    "slot": 1
  },
  "reference_slot": 1,
  "schema_version": 3,
  "settle_s": 3.0,
  "sign_convention": {
    "fitted_matrix": [
      [
        -0.012595366303286051,
        -1.0157263254578537
      ],
      [
        1.1704693971839393,
        -0.008996690216632892
      ]
    ],
    "image_to_stage_um": [
      [
        0.0,
        -1.0
      ],
      [
        1.0,
        0.0
      ]
    ],
    "label": "-Y +X",
    "move_um": 30.0,
    "residual_from_d4": 0.17189158320240697
  },
  "timestamp": "20260427_211657"
}
