{
  "coordinate_policy": "targets_in_reference_frame; switch_at_target; motor_delta_is_readback_only",
  "job": "Overview",
  "method": "objective_switch_stage_xy_readback",
  "offsets": {
    "2": {
      "motor_delta_um": [
        -7.021484375003638,
        21.07421875
      ],
      "reference_xy_um": [
        21739.53125,
        18530.8349609375
      ],
      "target_objective": {
        "immersion": "DRY",
        "magnification": 20.0,
        "name": "HC PL APO CS2    20x/0.75 DRY",
        "numerical_aperture": 0.75,
        "objective_number": 11506517,
        "slot": 2
      },
      "target_slot": 2,
      "target_xy_um": [
        21732.509765624996,
        18551.9091796875
      ]
    }
  },
  "reference_objective": {
    "immersion": "DRY",
    "magnification": 10.0,
    "name": "HC PL APO CS2    10x/0.40 DRY",
    "numerical_aperture": 0.4,
    "objective_number": 11506424,
    "slot": 1
  },
  "reference_slot": 1,
  "schema_version": 3,
  "settle_s": 3.0,
  "sign_convention": {
    "fitted_matrix": [
      [
        -0.06763906104223255,
        -1.0063595433445682
      ],
      [
        1.1964801473551678,
        -0.05758460602244123
      ]
    ],
    "image_to_stage_um": [
      [
        0.0,
        -1.0
      ],
      [
        1.0,
        0.0
      ]
    ],
    "label": "-Y +X",
    "move_um": 30.0,
    "residual_from_d4": 0.21572186149228026
  },
  "timestamp": "20260423_151250"
}
