{
  "calibration_config": "\\\\zmbstaff.core.uzh.ch\\zmbstaff\\10374\\Protocols_Notes\\thom\\notes\\repositories\\smart-microscopy\\controller\\vendor\\leica\\navigator_expert\\calibration\\config\\config.json",
  "cell_source_xy_um": [
    22947.747078922195,
    27951.85591741071
  ],
  "cell_target_xy_um": [
    22944.424604727872,
    27953.37107741071
  ],
  "fov_bbox_margin": 1.5,
  "job": "Overview",
  "landing": {
    "candidates": [
      {
        "area_um2": 171.01778441833122,
        "centroid_px": [
          599.6488634843842,
          144.28104993225682
        ],
        "eccentricity": 0.8399291710487027,
        "score": 0.7429710170533652
      },
      {
        "area_um2": 51.84541870322491,
        "centroid_px": [
          911.3479044787571,
          875.1186343147598
        ],
        "eccentricity": 0.38893995055937314,
        "score": 1.0080753540771157
      }
    ],
    "cells_segmented": 2,
    "error_magnitude_um": 11.920814610592041,
    "error_um": [
      2.7639920735838914,
      -11.595954846293171
    ],
    "method": "morphology_match",
    "morphology_score": 0.7429710170533652,
    "source_features": {
      "area_um2": 318.402,
      "eccentricity": 0.5598453707266041
    }
  },
  "outputs": {
    "overlay_png": "\\\\zmbstaff.core.uzh.ch\\zmbstaff\\10374\\Protocols_Notes\\thom\\notes\\repositories\\smart-microscopy\\controller\\vendor\\leica\\config\\objective_target\\20260504_230702\\overlay.png",
    "source_tif": "\\\\zmbstaff.core.uzh.ch\\zmbstaff\\10374\\Protocols_Notes\\thom\\notes\\repositories\\smart-microscopy\\controller\\vendor\\leica\\config\\objective_target\\20260504_230702\\source.tif",
    "target_tif": "\\\\zmbstaff.core.uzh.ch\\zmbstaff\\10374\\Protocols_Notes\\thom\\notes\\repositories\\smart-microscopy\\controller\\vendor\\leica\\config\\objective_target\\20260504_230702\\target.tif"
  },
  "picked_cell": {
    "area_px": 245,
    "bbox_px": [
      489,
      504,
      506,
      523
    ],
    "bbox_um": [
      21.659999999999997,
      19.38
    ],
    "centroid_xy_px": [
      513.2489795918367,
      496.9142857142857
    ],
    "eccentricity": 0.5598453707266041,
    "rank": 0
  },
  "refine": null,
  "source_image_size_px": 1024,
  "source_pixel_size_um": 1.14,
  "source_slot": 1,
  "source_stage_xy_um": [
    22946.3232421875,
    27934.658203124996
  ],
  "target_base_fov_um": 581.25,
  "target_fov_at_zoom_um": 32.291666666666664,
  "target_pixel_size_um": 0.031534830729166664,
  "target_slot": 2,
  "target_zoom": 18,
  "timestamp": "20260504_230744",
  "z_translation": {
    "delta_um": -3.92795507266419,
    "source_zwide_um": 5401.94,
    "target_zwide_um": 5398.012044927335
  }
}