{
  "anchor_xy_um": [
    32027.5634765625,
    28334.218749999996
  ],
  "machine_config": "machine.json",
  "per_target": {
    "2": {
      "offset": {
        "offset_um": [
          -7.021484375,
          21.07421875
        ]
      },
      "parcentric_shift": {
        "acquisition_z_galvo_um": -0.0,
        "acquisition_zoom": 1.5,
        "agreeing": [
          "phase",
          "masked",
          "ncc",
          "orb"
        ],
        "confidence": 4,
        "method": "voting",
        "per_method": {
          "masked": {
            "dx_um": 15.53039,
            "dy_um": 14.01523,
            "quality": null
          },
          "ncc": {
            "dx_um": 15.53039,
            "dy_um": 13.63644,
            "quality": 0.9483231902122498
          },
          "orb": {
            "dx_um": 15.348449713855423,
            "dy_um": 14.175119149075858,
            "quality": 0.875
          },
          "phase": {
            "dx_um": 15.454632,
            "dy_um": 13.469772400000002,
            "quality": 0.0
          }
        },
        "quality": 0.875,
        "raw_image_dx_um": 15.492511,
        "raw_image_dy_um": 13.825835000000001,
        "shift_stage_um": [
          -13.825835000000001,
          15.492511
        ],
        "trusted": true
      }
    }
  },
  "phases_run": [
    "sign",
    "offset",
    "parcentric_shift"
  ],
  "reference_objective": {
    "immersion": "DRY",
    "magnification": 10.0,
    "name": "HC PL APO CS2    10x/0.40 DRY",
    "numerical_aperture": 0.4,
    "objective_number": 11506424,
    "slot": 1
  },
  "schema_version": 6,
  "settings": {
    "backlash_overshoot_um": 50,
    "backlash_settle_ms": 100,
    "ref_slot": 1,
    "ref_zoom": 3.0,
    "scan_format": "1024 x 1024",
    "scan_speed": 600,
    "settle_s": 3.0,
    "sign_move_um": 30.0,
    "target_slots": [
      2
    ],
    "z_range_um": 15.0,
    "z_step_um": 1.0
  },
  "sign_convention": {
    "fitted_matrix": [
      [
        -0.00025371578452093656,
        -1.008266527686202
      ],
      [
        0.9964687437059783,
        -0.011036636626660738
      ]
    ],
    "image_to_stage_um": [
      [
        0.0,
        -1.0
      ],
      [
        1.0,
        0.0
      ]
    ],
    "label": "-Y +X",
    "move_um": 30.0,
    "residual_from_d4": 0.014236466230391442
  },
  "timestamp": "20260430_005404"
}
