{
  "base_fov_um": 1160.0,
  "fov_bbox_margin": 1.5,
  "framed_fov_um": 27.61904761904762,
  "framed_pixel_size_um": 0.026971726190476192,
  "framed_zoom": 42,
  "galvo_reach_um": 773.72,
  "job": "Overview",
  "landing": {
    "cells_segmented": 1,
    "error_magnitude_um": 0.7791261994644363,
    "error_um": [
      0.7068505469673604,
      -0.32771929901035735
    ],
    "method": "morphology_match",
    "morphology_score": 0.05534274889335173
  },
  "outputs": {
    "framed_tif": "\\\\zmbstaff.core.uzh.ch\\zmbstaff\\10374\\Protocols_Notes\\thom\\notes\\repositories\\smart-microscopy\\controller\\vendor\\leica\\config\\galvo_zoom\\20260504_190825\\framed.tif",
    "overlay_png": "\\\\zmbstaff.core.uzh.ch\\zmbstaff\\10374\\Protocols_Notes\\thom\\notes\\repositories\\smart-microscopy\\controller\\vendor\\leica\\config\\galvo_zoom\\20260504_190825\\overlay.png",
    "overview_tif": "\\\\zmbstaff.core.uzh.ch\\zmbstaff\\10374\\Protocols_Notes\\thom\\notes\\repositories\\smart-microscopy\\controller\\vendor\\leica\\config\\galvo_zoom\\20260504_190825\\overview.tif"
  },
  "overview_image_size_px": 1024,
  "overview_pixel_size_um": 1.14,
  "overview_stage_xy_um": [
    23120.117187499996,
    28068.1494140625
  ],
  "pan_offset_um": [
    -3.8101604278090235,
    2.4811764705882524
  ],
  "pan_scale_um": 99834.83870967742,
  "picked_cell": {
    "area_px": 187,
    "bbox_px": [
      507,
      508,
      523,
      523
    ],
    "bbox_um": [
      17.099999999999998,
      18.24
    ],
    "centroid_xy_px": [
      515.3422459893048,
      514.1764705882352
    ],
    "eccentricity": 0.33383666668882045,
    "rank": 0
  },
  "target_xy_um": [
    23116.307027072187,
    28070.63059053309
  ],
  "timestamp": "20260504_190852"
}