{
  "calibration_config": "\\\\zmbstaff.core.uzh.ch\\zmbstaff\\10374\\Protocols_Notes\\thom\\notes\\repositories\\smart-microscopy\\controller\\vendor\\leica\\navigator_expert\\calibration\\config\\config.json",
  "cell_source_xy_um": [
    23117.186320447978,
    28071.14514586344
  ],
  "cell_target_xy_um": [
    23112.020830891594,
    28088.39110069773
  ],
  "fov_bbox_margin": 1.5,
  "job": "Overview",
  "landing": {
    "candidates": [
      {
        "area_um2": 0.0548166960534166,
        "centroid_px": [
          597.1333333333333,
          703.8333333333334
        ],
        "eccentricity": 0.9993338482362831,
        "score": 1.6833142783784867
      }
    ],
    "cells_segmented": 1,
    "error_magnitude_um": 5.179607506294833,
    "error_um": [
      2.101042374320652,
      4.734337848165762
    ],
    "method": "morphology_match",
    "morphology_score": 1.6833142783784867,
    "source_features": {
      "area_um2": 224.83079999999998,
      "eccentricity": 0.3157757567501019
    }
  },
  "outputs": {
    "overlay_png": "\\\\zmbstaff.core.uzh.ch\\zmbstaff\\10374\\Protocols_Notes\\thom\\notes\\repositories\\smart-microscopy\\controller\\vendor\\leica\\config\\objective_target\\20260504_181815\\overlay.png",
    "source_tif": "\\\\zmbstaff.core.uzh.ch\\zmbstaff\\10374\\Protocols_Notes\\thom\\notes\\repositories\\smart-microscopy\\controller\\vendor\\leica\\config\\objective_target\\20260504_181815\\source.tif",
    "target_tif": "\\\\zmbstaff.core.uzh.ch\\zmbstaff\\10374\\Protocols_Notes\\thom\\notes\\repositories\\smart-microscopy\\controller\\vendor\\leica\\config\\objective_target\\20260504_181815\\target.tif"
  },
  "picked_cell": {
    "area_px": 173,
    "bbox_px": [
      503,
      509,
      518,
      523
    ],
    "bbox_um": [
      15.959999999999999,
      17.099999999999998
    ],
    "centroid_xy_px": [
      515.514450867052,
      510.1849710982659
    ],
    "eccentricity": 0.3157757567501019,
    "rank": 0
  },
  "refine": null,
  "source_image_size_px": 1024,
  "source_pixel_size_um": 1.14,
  "source_slot": 1,
  "source_stage_xy_um": [
    23115.1171875,
    28067.138671875
  ],
  "target_base_fov_um": 581.25,
  "target_fov_at_zoom_um": 25.27173913043478,
  "target_pixel_size_um": 0.024679432744565216,
  "target_slot": 2,
  "target_zoom": 23,
  "timestamp": "20260504_181849",
  "z_translation": {
    "delta_um": -6.24443756348046,
    "source_zwide_um": 5442.41,
    "target_zwide_um": 5436.165562436519
  }
}