{
  "calibration_config": "\\\\zmbstaff.core.uzh.ch\\zmbstaff\\10374\\Protocols_Notes\\thom\\notes\\repositories\\smart-microscopy\\controller\\vendor\\leica\\navigator_expert\\calibration\\config\\config.json",
  "cell_source_xy_um": [
    23118.26385430975,
    28071.979966947114
  ],
  "cell_target_xy_um": [
    23113.098364753365,
    28089.225921781403
  ],
  "fov_bbox_margin": 1.5,
  "job": "Overview",
  "landing": {
    "candidates": [
      {
        "area_um2": 245.20299941414018,
        "centroid_px": [
          610.4172158287856,
          497.05325113082273
        ],
        "eccentricity": 0.34200880691686847,
        "score": 0.13518663940064835
      }
    ],
    "cells_segmented": 1,
    "error_magnitude_um": 2.4567323111814026,
    "error_um": [
      2.4288810589538743,
      -0.3688772834667666
    ],
    "method": "morphology_match",
    "morphology_score": 0.13518663940064835,
    "source_features": {
      "area_um2": 236.52719999999997,
      "eccentricity": 0.24350209022337693
    }
  },
  "outputs": {
    "overlay_png": "\\\\zmbstaff.core.uzh.ch\\zmbstaff\\10374\\Protocols_Notes\\thom\\notes\\repositories\\smart-microscopy\\controller\\vendor\\leica\\config\\objective_target\\20260504_184701\\overlay.png",
    "source_tif": "\\\\zmbstaff.core.uzh.ch\\zmbstaff\\10374\\Protocols_Notes\\thom\\notes\\repositories\\smart-microscopy\\controller\\vendor\\leica\\config\\objective_target\\20260504_184701\\source.tif",
    "target_tif": "\\\\zmbstaff.core.uzh.ch\\zmbstaff\\10374\\Protocols_Notes\\thom\\notes\\repositories\\smart-microscopy\\controller\\vendor\\leica\\config\\objective_target\\20260504_184701\\target.tif"
  },
  "picked_cell": {
    "area_px": 182,
    "bbox_px": [
      506,
      508,
      521,
      523
    ],
    "bbox_um": [
      17.099999999999998,
      17.099999999999998
    ],
    "centroid_xy_px": [
      514.8461538461538,
      513.0989010989011
    ],
    "eccentricity": 0.24350209022337693,
    "rank": 0
  },
  "refine": null,
  "source_image_size_px": 1024,
  "source_pixel_size_um": 1.14,
  "source_slot": 1,
  "source_stage_xy_um": [
    23119.516601562496,
    28068.7353515625
  ],
  "target_base_fov_um": 581.25,
  "target_fov_at_zoom_um": 25.27173913043478,
  "target_pixel_size_um": 0.024679432744565216,
  "target_slot": 2,
  "target_zoom": 23,
  "timestamp": "20260504_184736",
  "z_translation": {
    "delta_um": -6.24443756348046,
    "source_zwide_um": 5436.63,
    "target_zwide_um": 5430.38556243652
  }
}