{
  "calibration_config": "\\\\zmbstaff.core.uzh.ch\\zmbstaff\\10374\\Protocols_Notes\\thom\\notes\\repositories\\smart-microscopy\\controller\\vendor\\leica\\navigator_expert\\calibration\\config\\config.json",
  "cell_source_xy_um": [
    22947.701126941833,
    27985.7672830112
  ],
  "cell_target_xy_um": [
    22943.534436941834,
    28003.5704130112
  ],
  "fov_bbox_margin": 1.5,
  "job": "Overview",
  "landing": {
    "candidates": [
      {
        "area_um2": 0.14539199824235874,
        "centroid_px": [
          489.16582914572865,
          588.5376884422111
        ],
        "eccentricity": 0.9974253860163785,
        "score": 1.4699399227770376
      }
    ],
    "cells_segmented": 1,
    "error_magnitude_um": 2.158908389414665,
    "error_um": [
      -0.6172043251974154,
      2.06880261379442
    ],
    "method": "morphology_match",
    "morphology_score": 1.4699399227770376,
    "source_features": {
      "area_um2": 224.83079999999998,
      "eccentricity": 0.5268387902824225
    }
  },
  "outputs": {
    "overlay_png": "\\\\zmbstaff.core.uzh.ch\\zmbstaff\\10374\\Protocols_Notes\\thom\\notes\\repositories\\smart-microscopy\\controller\\vendor\\leica\\config\\objective_target\\20260505_000358\\overlay.png",
    "source_tif": "\\\\zmbstaff.core.uzh.ch\\zmbstaff\\10374\\Protocols_Notes\\thom\\notes\\repositories\\smart-microscopy\\controller\\vendor\\leica\\config\\objective_target\\20260505_000358\\source.tif",
    "target_tif": "\\\\zmbstaff.core.uzh.ch\\zmbstaff\\10374\\Protocols_Notes\\thom\\notes\\repositories\\smart-microscopy\\controller\\vendor\\leica\\config\\objective_target\\20260505_000358\\target.tif"
  },
  "picked_cell": {
    "area_px": 173,
    "bbox_px": [
      502,
      519,
      518,
      533
    ],
    "bbox_um": [
      15.959999999999999,
      18.24
    ],
    "centroid_xy_px": [
      525.5953757225434,
      509.3179190751445
    ],
    "eccentricity": 0.5268387902824225,
    "rank": 0
  },
  "refine": null,
  "source_image_size_px": 1024,
  "source_pixel_size_um": 1.14,
  "source_slot": 1,
  "source_stage_xy_um": [
    22944.643554687496,
    27970.2685546875
  ],
  "target_base_fov_um": 581.25,
  "target_fov_at_zoom_um": 27.678571428571427,
  "target_pixel_size_um": 0.027029854910714284,
  "target_slot": 2,
  "target_zoom": 21,
  "timestamp": "20260505_000445",
  "z_translation": {
    "delta_um": -3.6989337899276507,
    "source_zwide_um": 5404.09,
    "target_zwide_um": 5400.3910662100725
  }
}