{
  "calibration_config": "\\\\zmbstaff.core.uzh.ch\\zmbstaff\\10374\\Protocols_Notes\\thom\\notes\\repositories\\smart-microscopy\\controller\\vendor\\leica\\navigator_expert\\calibration\\config\\config.json",
  "cell_source_xy_um": [
    23117.782321189836,
    28071.605991602606
  ],
  "cell_target_xy_um": [
    23112.61683163345,
    28088.851946436895
  ],
  "fov_bbox_margin": 1.5,
  "job": "Overview",
  "landing": {
    "candidates": [
      {
        "area_um2": 240.51416513262959,
        "centroid_px": [
          607.2687920533423,
          485.5285955132976
        ],
        "eccentricity": 0.36677179676335125,
        "score": 0.0816502622655391
      }
    ],
    "cells_segmented": 1,
    "error_magnitude_um": 2.672660605979275,
    "error_um": [
      2.5751016267208517,
      -0.7155182225583969
    ],
    "method": "morphology_match",
    "morphology_score": 0.0816502622655391,
    "source_features": {
      "area_um2": 243.02519999999998,
      "eccentricity": 0.29545393980956747
    }
  },
  "outputs": {
    "overlay_png": "\\\\zmbstaff.core.uzh.ch\\zmbstaff\\10374\\Protocols_Notes\\thom\\notes\\repositories\\smart-microscopy\\controller\\vendor\\leica\\config\\objective_target\\20260504_194359\\overlay.png",
    "source_tif": "\\\\zmbstaff.core.uzh.ch\\zmbstaff\\10374\\Protocols_Notes\\thom\\notes\\repositories\\smart-microscopy\\controller\\vendor\\leica\\config\\objective_target\\20260504_194359\\source.tif",
    "target_tif": "\\\\zmbstaff.core.uzh.ch\\zmbstaff\\10374\\Protocols_Notes\\thom\\notes\\repositories\\smart-microscopy\\controller\\vendor\\leica\\config\\objective_target\\20260504_194359\\target.tif"
  },
  "picked_cell": {
    "area_px": 187,
    "bbox_px": [
      507,
      508,
      523,
      523
    ],
    "bbox_um": [
      17.099999999999998,
      18.24
    ],
    "centroid_xy_px": [
      515.0320855614973,
      514.048128342246
    ],
    "eccentricity": 0.29545393980956747,
    "rank": 0
  },
  "refine": null,
  "source_image_size_px": 1024,
  "source_pixel_size_um": 1.14,
  "source_slot": 1,
  "source_stage_xy_um": [
    23120.117187499996,
    28068.1494140625
  ],
  "target_base_fov_um": 581.25,
  "target_fov_at_zoom_um": 27.678571428571427,
  "target_pixel_size_um": 0.027029854910714284,
  "target_slot": 2,
  "target_zoom": 21,
  "timestamp": "20260504_194433",
  "z_translation": {
    "delta_um": -6.24443756348046,
    "source_zwide_um": 5436.5,
    "target_zwide_um": 5430.2555624365195
  }
}