{
  "anchor_xy_um": [
    22999.9267578125,
    27954.999999999996
  ],
  "calibration_file": "config.json",
  "per_target": {
    "2": {
      "firmware_xy_offset": {
        "offset_um": [
          -7.021484375,
          21.07421875
        ]
      },
      "parcentric_shift": {
        "confidence": 1,
        "per_method": {
          "masked": {
            "dx_um": -104.54604,
            "dy_um": 7.449536666666695,
            "quality": null
          },
          "ncc": {
            "dx_um": -35.227470000000004,
            "dy_um": 89.01565000000001,
            "quality": 0.12261919677257538
          },
          "orb": {
            "dx_um": null,
            "dy_um": null,
            "quality": 0.024390243902439025
          },
          "phase": {
            "dx_um": 174.99340420000001,
            "dy_um": 164.4024358,
            "quality": 1.651722145723511e-07
          }
        },
        "reason": "voting_low_confidence",
        "skipped": true
      },
      "summary": {
        "immersion": "DRY",
        "magnification": 20.0,
        "name": "HC PL APO CS2    20x/0.75 DRY",
        "numerical_aperture": 0.75,
        "objective_number": 11506517,
        "slot": 2
      }
    }
  },
  "phases_run": [
    "sign",
    "offset",
    "parcentric_shift"
  ],
  "reference_objective": {
    "immersion": "DRY",
    "magnification": 10.0,
    "name": "HC PL APO CS2    10x/0.40 DRY",
    "numerical_aperture": 0.4,
    "objective_number": 11506424,
    "slot": 1
  },
  "schema_version": 7,
  "settings": {
    "backlash_overshoot_um": 50,
    "backlash_settle_ms": 100,
    "ref_slot": 1,
    "ref_zoom": 3.0,
    "scan_format": "1024 x 1024",
    "scan_speed": 600,
    "settle_s": 3.0,
    "sign_move_um": 30.0,
    "target_slots": [
      2
    ],
    "z_range_um": 15.0,
    "z_step_um": 1.0
  },
  "sign_convention": {
    "fitted_matrix": [
      [
        -0.0024137180751670957,
        -0.9950870359359923
      ],
      [
        1.0110937979081533,
        -0.003048907042316331
      ]
    ],
    "image_to_stage_um": [
      [
        0.0,
        -1.0
      ],
      [
        1.0,
        0.0
      ]
    ],
    "label": "-Y +X",
    "move_um": 30.0,
    "residual_from_d4": 0.012740935484502409
  },
  "timestamp": "20260504_120424"
}
